TimeID,Time of day,Time
Time1,Day,11:49:00.000000000
Time2,Night,19:45:00.000000000
Time3,Day,17:02:00.000000000
Time4,Night,19:55:00.000000000
Time5,Night,00:50:00.000000000
Time6,Night,20:24:00.000000000
Time7,Day,16:10:00.000000000
Time8,Night,18:58:00.000000000
Time9,Day,17:51:00.000000000
Time10,Night,02:11:00.000000000
Time11,Day,13:57:00.000000000
Time12,Day,11:30:00.000000000
Time13,Night,01:18:00.000000000
Time14,Day,11:48:00.000000000
Time15,Night,20:53:00.000000000
Time16,Day,06:11:00.000000000
Time17,Night,03:11:00.000000000
Time18,Day,12:01:00.000000000
Time19,Night,21:31:00.000000000
Time20,Day,14:12:00.000000000
Time21,Day,09:39:00.000000000
Time22,Night,03:56:00.000000000
Time23,Day,17:45:00.000000000
Time24,Night,10:35:00.000000000
Time25,Night,22:14:00.000000000
Time26,Night,19:46:00.000000000
Time27,Night,09:20:00.000000000
Time28,Day,16:42:00.000000000
Time29,Night,23:06:00.000000000
Time30,Day,11:53:00.000000000
Time31,Night,18:39:00.000000000
Time32,Day,08:53:00.000000000
Time33,Night,05:43:00.000000000
Time34,Day,16:43:00.000000000
Time35,Night,23:17:00.000000000
Time36,Night,21:57:00.000000000
Time37,Night,03:36:00.000000000
Time38,Night,15:57:00.000000000
Time39,Night,22:57:00.000000000
Time40,Night,05:35:00.000000000
Time41,Night,20:59:00.000000000
Time42,Day,10:58:00.000000000
Time43,Day,10:34:00.000000000
Time44,Day,15:28:00.000000000
Time45,Day,11:05:00.000000000
Time46,Night,01:03:00.000000000
Time47,Day,15:35:00.000000000
Time48,Night,23:51:00.000000000
Time49,Day,14:27:00.000000000
Time50,Day,13:52:00.000000000
Time51,Night,19:34:00.000000000
Time52,Day,07:31:00.000000000
Time53,Day,07:13:00.000000000
Time54,Day,12:30:00.000000000
Time55,Night,04:37:00.000000000
Time56,Night,22:09:00.000000000
Time57,Day,11:45:00.000000000
Time58,Night,03:00:00.000000000
Time59,Night,05:07:00.000000000
Time60,Day,13:16:00.000000000
Time61,Day,16:38:00.000000000
Time62,Night,23:37:00.000000000
Time63,Day,16:36:00.000000000
Time64,Day,06:40:00.000000000
Time65,Day,07:19:00.000000000
Time66,Night,03:32:00.000000000
Time67,Night,19:35:00.000000000
Time68,Night,05:20:00.000000000
Time69,Night,21:48:00.000000000
Time70,Night,03:46:00.000000000
Time71,Day,09:08:00.000000000
Time72,Day,15:15:00.000000000
Time73,Day,06:42:00.000000000
Time74,Night,01:14:00.000000000
Time75,Day,08:21:00.000000000
Time76,Night,14:40:00.000000000
Time77,Night,13:15:00.000000000
Time78,Night,03:52:00.000000000
Time79,Night,22:48:00.000000000
Time80,Night,21:01:00.000000000
Time81,Night,01:33:00.000000000
Time82,Day,07:18:00.000000000
Time83,Day,17:20:00.000000000
Time84,Night,19:13:00.000000000
Time85,Day,10:42:00.000000000
Time86,Night,13:52:00.000000000
Time87,Night,21:03:00.000000000
Time88,Night,19:06:00.000000000
Time89,Night,05:34:00.000000000
Time90,Night,13:00:00.000000000
Time91,Night,00:32:00.000000000
Time92,Day,06:25:00.000000000
Time93,Night,04:02:00.000000000
Time94,Night,18:34:00.000000000
Time95,Day,07:39:00.000000000
Time96,Day,07:54:00.000000000
Time97,Day,10:02:00.000000000
Time98,Night,00:07:00.000000000
Time99,Day,16:05:00.000000000
Time100,Night,01:24:00.000000000
Time101,Night,18:54:00.000000000
Time102,Night,19:22:00.000000000
Time103,Day,06:33:00.000000000
Time104,Night,11:04:00.000000000
Time105,Day,13:27:00.000000000
Time106,Night,21:55:00.000000000
Time107,Night,20:23:00.000000000
Time108,Night,05:56:00.000000000
Time109,Night,03:25:00.000000000
Time110,Night,20:14:00.000000000
Time111,Night,02:50:00.000000000
Time112,Night,02:36:00.000000000
Time113,Night,03:39:00.000000000
Time114,Night,22:18:00.000000000
Time115,Day,12:47:00.000000000
Time116,Day,16:53:00.000000000
Time117,Day,13:35:00.000000000
Time118,Day,07:33:00.000000000
Time119,Day,07:12:00.000000000
Time120,Night,21:10:00.000000000
Time121,Day,15:04:00.000000000
Time122,Day,07:32:00.000000000
Time123,Night,21:42:00.000000000
Time124,Night,19:08:00.000000000
Time125,Night,23:25:00.000000000
Time126,Day,10:13:00.000000000
Time127,Day,16:48:00.000000000
Time128,Day,11:29:00.000000000
Time129,Night,22:46:00.000000000
Time130,Night,10:48:00.000000000
Time131,Night,03:54:00.000000000
Time132,Day,13:14:00.000000000
Time133,Night,22:08:00.000000000
Time134,Night,00:35:00.000000000
Time135,Day,08:52:00.000000000
Time136,Night,02:28:00.000000000
Time137,Day,06:28:00.000000000
Time138,Day,10:41:00.000000000
Time139,Night,20:31:00.000000000
Time140,Day,15:40:00.000000000
Time141,Night,20:20:00.000000000
Time142,Night,20:55:00.000000000
Time143,Night,20:42:00.000000000
Time144,Night,02:57:00.000000000
Time145,Night,07:00:00.000000000
Time146,Day,12:57:00.000000000
Time147,Day,12:18:00.000000000
Time148,Day,10:47:00.000000000
Time149,Night,01:06:00.000000000
Time150,Night,04:12:00.000000000
Time151,Night,21:25:00.000000000
Time152,Day,08:03:00.000000000
Time153,Night,16:38:00.000000000
Time154,Day,13:59:00.000000000
Time155,Day,17:26:00.000000000
Time156,Day,14:31:00.000000000
Time157,Day,11:01:00.000000000
Time158,Night,20:05:00.000000000
Time159,Day,16:07:00.000000000
Time160,Day,10:46:00.000000000
Time161,Night,22:06:00.000000000
Time162,Day,13:21:00.000000000
Time163,Night,04:05:00.000000000
Time164,Night,19:44:00.000000000
Time165,Day,17:03:00.000000000
Time166,Night,19:37:00.000000000
Time167,Night,20:45:00.000000000
Time168,Night,21:30:00.000000000
Time169,Day,07:28:00.000000000
Time170,Day,08:39:00.000000000
Time171,Day,11:38:00.000000000
Time172,Night,03:55:00.000000000
Time173,Day,16:52:00.000000000
Time174,Day,14:36:00.000000000
Time175,Day,06:00:00.000000000
Time176,Day,09:15:00.000000000
Time177,Night,22:11:00.000000000
Time178,Night,05:14:00.000000000
Time179,Day,15:33:00.000000000
Time180,Night,01:58:00.000000000
Time181,Night,22:33:00.000000000
Time182,Night,18:12:00.000000000
Time183,Day,08:56:00.000000000
Time184,Day,11:40:00.000000000
Time185,Day,10:04:00.000000000
Time186,Night,00:53:00.000000000
Time187,Night,02:07:00.000000000
Time188,Day,06:37:00.000000000
Time189,Night,15:31:00.000000000
Time190,Day,16:08:00.000000000
Time191,Night,01:21:00.000000000
Time192,Night,15:56:00.000000000
Time193,Night,23:40:00.000000000
Time194,Night,00:49:00.000000000
Time195,Day,17:48:00.000000000
Time196,Day,07:02:00.000000000
Time197,Day,17:52:00.000000000
Time198,Day,07:48:00.000000000
Time199,Night,18:07:00.000000000
Time200,Day,15:16:00.000000000
Time201,Night,13:05:00.000000000
Time202,Night,22:44:00.000000000
Time203,Night,16:07:00.000000000
Time204,Night,05:32:00.000000000
Time205,Night,21:32:00.000000000
Time206,Day,08:00:00.000000000
Time207,Night,19:15:00.000000000
Time208,Day,07:01:00.000000000
Time209,Night,18:37:00.000000000
Time210,Day,11:36:00.000000000
Time211,Day,16:39:00.000000000
Time212,Night,19:25:00.000000000
Time213,Night,01:04:00.000000000
Time214,Day,10:39:00.000000000
Time215,Night,03:49:00.000000000
Time216,Day,14:58:00.000000000
Time217,Night,01:39:00.000000000
Time218,Day,09:36:00.000000000
Time219,Day,16:32:00.000000000
Time220,Day,13:05:00.000000000
Time221,Day,10:16:00.000000000
Time222,Day,08:59:00.000000000
Time223,Night,05:31:00.000000000
Time224,Day,09:46:00.000000000
Time225,Day,17:05:00.000000000
Time226,Day,11:14:00.000000000
Time227,Day,07:15:00.000000000
Time228,Day,06:51:00.000000000
Time229,Night,05:39:00.000000000
Time230,Night,00:11:00.000000000
Time231,Night,00:34:00.000000000
Time232,Night,00:54:00.000000000
Time233,Day,08:47:00.000000000
Time234,Day,07:05:00.000000000
Time235,Day,08:44:00.000000000
Time236,Night,10:40:00.000000000
Time237,Night,05:16:00.000000000
Time238,Night,21:38:00.000000000
Time239,Day,14:37:00.000000000
Time240,Day,08:40:00.000000000
Time241,Night,15:20:00.000000000
Time242,Day,17:22:00.000000000
Time243,Day,10:57:00.000000000
Time244,Night,00:25:00.000000000
Time245,Night,01:53:00.000000000
Time246,Day,14:30:00.000000000
Time247,Day,15:00:00.000000000
Time248,Day,17:28:00.000000000
Time249,Day,17:09:00.000000000
Time250,Night,21:46:00.000000000
Time251,Night,03:33:00.000000000
Time252,Night,19:11:00.000000000
Time253,Day,11:18:00.000000000
Time254,Night,19:36:00.000000000
Time255,Day,10:22:00.000000000
Time256,Day,17:53:00.000000000
Time257,Night,18:25:00.000000000
Time258,Day,08:14:00.000000000
Time259,Day,13:31:00.000000000
Time260,Night,01:47:00.000000000
Time261,Day,07:34:00.000000000
Time262,Night,19:17:00.000000000
Time263,Day,12:29:00.000000000
Time264,Day,08:38:00.000000000
Time265,Night,08:05:00.000000000
Time266,Day,15:23:00.000000000
Time267,Night,19:52:00.000000000
Time268,Day,13:23:00.000000000
Time269,Night,19:49:00.000000000
Time270,Night,02:29:00.000000000
Time271,Night,15:59:00.000000000
Time272,Night,02:09:00.000000000
Time273,Day,17:17:00.000000000
Time274,Night,16:00:00.000000000
Time275,Night,22:39:00.000000000
Time276,Night,23:07:00.000000000
Time277,Night,19:47:00.000000000
Time278,Night,12:30:00.000000000
Time279,Night,18:44:00.000000000
Time280,Day,15:36:00.000000000
Time281,Night,20:56:00.000000000
Time282,Day,12:53:00.000000000
Time283,Day,11:43:00.000000000
Time284,Night,00:15:00.000000000
Time285,Day,08:26:00.000000000
Time286,Night,01:43:00.000000000
Time287,Day,07:06:00.000000000
Time288,Night,00:45:00.000000000
Time289,Day,15:31:00.000000000
Time290,Night,12:04:00.000000000
Time291,Night,22:42:00.000000000
Time292,Night,23:56:00.000000000
Time293,Night,01:15:00.000000000
Time294,Day,16:23:00.000000000
Time295,Night,05:42:00.000000000
Time296,Day,12:48:00.000000000
Time297,Night,05:05:00.000000000
Time298,Day,06:59:00.000000000
Time299,Night,00:42:00.000000000
Time300,Night,19:42:00.000000000
Time301,Day,06:55:00.000000000
Time302,Night,18:27:00.000000000
Time303,Night,05:02:00.000000000
Time304,Night,02:14:00.000000000
Time305,Day,08:57:00.000000000
Time306,Day,16:58:00.000000000
Time307,Night,23:26:00.000000000
Time308,Day,14:15:00.000000000
Time309,Day,06:31:00.000000000
Time310,Night,14:00:00.000000000
Time311,Day,16:31:00.000000000
Time312,Night,03:38:00.000000000
Time313,Night,19:10:00.000000000
Time314,Night,20:28:00.000000000
Time315,Night,19:21:00.000000000
Time316,Day,09:19:00.000000000
Time317,Night,00:18:00.000000000
Time318,Day,08:04:00.000000000
Time319,Night,03:58:00.000000000
Time320,Day,09:13:00.000000000
Time321,Day,15:50:00.000000000
Time322,Day,11:10:00.000000000
Time323,Day,13:06:00.000000000
Time324,Night,02:25:00.000000000
Time325,Day,07:43:00.000000000
Time326,Night,20:37:00.000000000
Time327,Night,21:52:00.000000000
Time328,Night,03:14:00.000000000
Time329,Night,05:59:00.000000000
Time330,Day,08:34:00.000000000
Time331,Day,15:17:00.000000000
Time332,Day,06:12:00.000000000
Time333,Night,20:13:00.000000000
Time334,Day,10:31:00.000000000
Time335,Day,06:03:00.000000000
Time336,Night,03:18:00.000000000
Time337,Day,16:18:00.000000000
Time338,Day,16:57:00.000000000
Time339,Day,15:42:00.000000000
Time340,Night,17:05:00.000000000
Time341,Night,22:23:00.000000000
Time342,Night,20:46:00.000000000
Time343,Day,10:15:00.000000000
Time344,Day,17:38:00.000000000
Time345,Night,18:06:00.000000000
Time346,Day,06:17:00.000000000
Time347,Night,19:09:00.000000000
Time348,Night,20:38:00.000000000
Time349,Day,07:20:00.000000000
Time350,Day,12:43:00.000000000
Time351,Night,01:20:00.000000000
Time352,Day,07:40:00.000000000
Time353,Day,06:29:00.000000000
Time354,Day,17:34:00.000000000
Time355,Day,11:02:00.000000000
Time356,Day,09:09:00.000000000
Time357,Night,19:23:00.000000000
Time358,Night,22:07:00.000000000
Time359,Day,15:18:00.000000000
Time360,Night,03:04:00.000000000
Time361,Day,13:18:00.000000000
Time362,Day,16:29:00.000000000
Time363,Day,15:57:00.000000000
Time364,Day,13:17:00.000000000
Time365,Night,14:35:00.000000000
Time366,Day,13:15:00.000000000
Time367,Day,08:06:00.000000000
Time368,Day,13:46:00.000000000
Time369,Day,08:33:00.000000000
Time370,Night,02:12:00.000000000
Time371,Day,15:01:00.000000000
Time372,Day,11:08:00.000000000
Time373,Night,11:20:00.000000000
Time374,Night,15:45:00.000000000
Time375,Day,08:49:00.000000000
Time376,Night,15:30:00.000000000
Time377,Day,07:44:00.000000000
Time378,Night,03:42:00.000000000
Time379,Night,03:16:00.000000000
Time380,Night,04:18:00.000000000
Time381,Day,06:43:00.000000000
Time382,Day,16:44:00.000000000
Time383,Night,21:28:00.000000000
Time384,Day,11:03:00.000000000
Time385,Day,12:20:00.000000000
Time386,Night,10:50:00.000000000
Time387,Day,07:47:00.000000000
Time388,Day,08:10:00.000000000
Time389,Night,23:44:00.000000000
Time390,Day,10:33:00.000000000
Time391,Day,09:59:00.000000000
Time392,Night,14:15:00.000000000
Time393,Day,10:00:00.000000000
Time394,Night,22:41:00.000000000
Time395,Day,14:35:00.000000000
Time396,Day,15:20:00.000000000
Time397,Day,15:52:00.000000000
Time398,Day,11:27:00.000000000
Time399,Night,20:33:00.000000000
Time400,Night,22:59:00.000000000
Time401,Night,00:40:00.000000000
Time402,Day,10:24:00.000000000
Time403,Night,16:45:00.000000000
Time404,Night,20:41:00.000000000
Time405,Day,17:36:00.000000000
Time406,Night,22:19:00.000000000
Time407,Night,05:37:00.000000000
Time408,Night,02:05:00.000000000
Time409,Day,17:14:00.000000000
Time410,Night,04:23:00.000000000
Time411,Day,06:24:00.000000000
Time412,Day,14:42:00.000000000
Time413,Day,17:25:00.000000000
Time414,Day,06:47:00.000000000
Time415,Day,14:21:00.000000000
Time416,Night,06:25:00.000000000
Time417,Day,12:28:00.000000000
Time418,Day,15:06:00.000000000
Time419,Day,17:31:00.000000000
Time420,Day,16:03:00.000000000
Time421,Night,18:20:00.000000000
Time422,Day,17:58:00.000000000
Time423,Day,17:49:00.000000000
Time424,Night,04:56:00.000000000
Time425,Day,09:32:00.000000000
Time426,Night,01:37:00.000000000
Time427,Day,13:47:00.000000000
Time428,Day,17:15:00.000000000
Time429,Night,20:54:00.000000000
Time430,Day,15:53:00.000000000
Time431,Night,01:57:00.000000000
Time432,Day,15:34:00.000000000
Time433,Night,20:19:00.000000000
Time434,Day,11:35:00.000000000
Time435,Day,16:46:00.000000000
Time436,Night,05:24:00.000000000
Time437,Night,14:50:00.000000000
Time438,Night,23:57:00.000000000
Time439,Night,19:39:00.000000000
Time440,Day,06:54:00.000000000
Time441,Day,13:37:00.000000000
Time442,Night,19:14:00.000000000
Time443,Day,07:16:00.000000000
Time444,Day,13:55:00.000000000
Time445,Night,02:04:00.000000000
Time446,Night,23:01:00.000000000
Time447,Night,02:24:00.000000000
Time448,Day,07:55:00.000000000
Time449,Night,04:51:00.000000000
Time450,Day,15:44:00.000000000
Time451,Day,14:57:00.000000000
Time452,Night,22:36:00.000000000
Time453,Day,17:06:00.000000000
Time454,Day,11:20:00.000000000
Time455,Day,17:29:00.000000000
Time456,Day,07:00:00.000000000
Time457,Night,18:10:00.000000000
Time458,Day,17:01:00.000000000
Time459,Day,14:45:00.000000000
Time460,Night,22:31:00.000000000
Time461,Night,01:48:00.000000000
Time462,Night,23:32:00.000000000
Time463,Night,18:59:00.000000000
Time464,Night,18:04:00.000000000
Time465,Day,17:40:00.000000000
Time466,Night,02:52:00.000000000
Time467,Day,12:55:00.000000000
Time468,Night,04:28:00.000000000
Time469,Night,23:59:00.000000000
Time470,Night,03:22:00.000000000
Time471,Night,02:17:00.000000000
Time472,Night,02:44:00.000000000
Time473,Day,13:25:00.000000000
Time474,Day,09:18:00.000000000
Time475,Day,12:14:00.000000000
Time476,Night,14:27:00.000000000
Time477,Night,00:47:00.000000000
Time478,Night,18:55:00.000000000
Time479,Night,22:21:00.000000000
Time480,Day,09:54:00.000000000
Time481,Night,15:22:00.000000000
Time482,Night,18:47:00.000000000
Time483,Day,15:59:00.000000000
Time484,Night,04:11:00.000000000
Time485,Day,16:09:00.000000000
Time486,Night,22:50:00.000000000
Time487,Night,17:45:00.000000000
Time488,Night,04:00:00.000000000
Time489,Night,23:35:00.000000000
Time490,Night,21:40:00.000000000
Time491,Day,13:20:00.000000000
Time492,Night,21:23:00.000000000
Time493,Day,14:00:00.000000000
Time494,Night,02:13:00.000000000
Time495,Day,09:22:00.000000000
Time496,Day,14:50:00.000000000
Time497,Day,11:26:00.000000000
Time498,Night,14:55:00.000000000
Time499,Day,17:50:00.000000000
Time500,Night,20:29:00.000000000
Time501,Night,02:34:00.000000000
Time502,Day,14:56:00.000000000
Time503,Night,23:42:00.000000000
Time504,Day,15:19:00.000000000
Time505,Night,19:38:00.000000000
Time506,Night,03:43:00.000000000
Time507,Day,08:12:00.000000000
Time508,Day,16:06:00.000000000
Time509,Night,22:17:00.000000000
Time510,Night,06:40:00.000000000
Time511,Night,16:05:00.000000000
Time512,Night,05:12:00.000000000
Time513,Night,05:46:00.000000000
Time514,Day,09:34:00.000000000
Time515,Day,12:19:00.000000000
Time516,Night,20:34:00.000000000
Time517,Night,21:34:00.000000000
Time518,Night,01:35:00.000000000
Time519,Night,20:27:00.000000000
Time520,Day,13:56:00.000000000
Time521,Night,03:50:00.000000000
Time522,Night,21:26:00.000000000
Time523,Night,02:51:00.000000000
Time524,Night,13:10:00.000000000
Time525,Night,19:51:00.000000000
Time526,Night,05:09:00.000000000
Time527,Night,01:10:00.000000000
Time528,Night,06:45:00.000000000
Time529,Night,12:11:00.000000000
Time530,Night,20:22:00.000000000
Time531,Night,23:41:00.000000000
Time532,Day,08:02:00.000000000
Time533,Night,17:56:00.000000000
Time534,Day,11:04:00.000000000
Time535,Night,17:51:00.000000000
Time536,Night,01:51:00.000000000
Time537,Night,23:50:00.000000000
Time538,Day,09:25:00.000000000
Time539,Day,16:11:00.000000000
Time540,Day,15:14:00.000000000
Time541,Day,11:41:00.000000000
Time542,Night,21:11:00.000000000
Time543,Day,16:16:00.000000000
Time544,Day,08:45:00.000000000
Time545,Night,19:04:00.000000000
Time546,Day,10:38:00.000000000
Time547,Day,11:51:00.000000000
Time548,Day,15:56:00.000000000
Time549,Day,06:01:00.000000000
Time550,Day,13:54:00.000000000
Time551,Day,10:35:00.000000000
Time552,Day,16:45:00.000000000
Time553,Night,00:56:00.000000000
Time554,Night,04:13:00.000000000
Time555,Day,14:33:00.000000000
Time556,Day,17:42:00.000000000
Time557,Night,02:49:00.000000000
Time558,Day,10:11:00.000000000
Time559,Day,09:41:00.000000000
Time560,Day,06:39:00.000000000
Time561,Night,04:21:00.000000000
Time562,Night,05:23:00.000000000
Time563,Night,02:32:00.000000000
Time564,Night,04:59:00.000000000
Time565,Night,00:04:00.000000000
Time566,Day,09:45:00.000000000
Time567,Day,14:08:00.000000000
Time568,Night,21:13:00.000000000
Time569,Night,23:24:00.000000000
Time570,Day,09:03:00.000000000
Time571,Night,22:52:00.000000000
Time572,Night,10:42:00.000000000
Time573,Day,12:59:00.000000000
Time574,Day,17:21:00.000000000
Time575,Night,01:02:00.000000000
Time576,Day,12:49:00.000000000
Time577,Night,03:31:00.000000000
Time578,Day,14:04:00.000000000
Time579,Night,02:18:00.000000000
Time580,Night,22:38:00.000000000
Time581,Day,13:32:00.000000000
Time582,Night,22:02:00.000000000
Time583,Night,23:58:00.000000000
Time584,Day,14:53:00.000000000
Time585,Night,04:06:00.000000000
Time586,Night,04:14:00.000000000
Time587,Day,12:40:00.000000000
Time588,Night,21:06:00.000000000
Time589,Day,10:40:00.000000000
Time590,Day,15:30:00.000000000
Time591,Day,07:57:00.000000000
Time592,Day,11:16:00.000000000
Time593,Night,01:17:00.000000000
Time594,Night,01:49:00.000000000
Time595,Day,13:40:00.000000000
Time596,Night,04:52:00.000000000
Time597,Day,09:53:00.000000000
Time598,Day,17:47:00.000000000
Time599,Night,00:23:00.000000000
Time600,Day,10:18:00.000000000
Time601,Night,00:41:00.000000000
Time602,Night,01:05:00.000000000
Time603,Day,16:27:00.000000000
Time604,Night,17:00:00.000000000
Time605,Night,06:44:00.000000000
Time606,Day,11:25:00.000000000
Time607,Night,16:35:00.000000000
Time608,Day,09:47:00.000000000
Time609,Day,14:10:00.000000000
Time610,Day,06:10:00.000000000
Time611,Day,07:52:00.000000000
Time612,Day,07:50:00.000000000
Time613,Night,22:51:00.000000000
Time614,Night,03:03:00.000000000
Time615,Day,12:16:00.000000000
Time616,Night,18:05:00.000000000
Time617,Day,13:51:00.000000000
Time618,Night,05:18:00.000000000
Time619,Day,13:10:00.000000000
Time620,Night,00:09:00.000000000
Time621,Day,17:24:00.000000000
Time622,Day,07:03:00.000000000
Time623,Night,04:09:00.000000000
Time624,Day,13:36:00.000000000
Time625,Night,05:52:00.000000000
Time626,Night,20:43:00.000000000
Time627,Night,04:42:00.000000000
Time628,Day,07:27:00.000000000
Time629,Night,22:34:00.000000000
Time630,Night,21:53:00.000000000
Time631,Day,11:39:00.000000000
Time632,Night,21:21:00.000000000
Time633,Night,22:58:00.000000000
Time634,Day,12:37:00.000000000
Time635,Night,22:16:00.000000000
Time636,Day,11:24:00.000000000
Time637,Night,03:05:00.000000000
Time638,Day,11:09:00.000000000
Time639,Night,01:54:00.000000000
Time640,Day,12:56:00.000000000
Time641,Day,09:07:00.000000000
Time642,Night,00:48:00.000000000
Time643,Day,07:23:00.000000000
Time644,Day,15:55:00.000000000
Time645,Night,20:44:00.000000000
Time646,Day,10:48:00.000000000
Time647,Night,01:40:00.000000000
Time648,Night,09:00:00.000000000
Time649,Night,19:41:00.000000000
Time650,Day,15:32:00.000000000
Time651,Night,23:18:00.000000000
Time652,Day,16:25:00.000000000
Time653,Day,06:22:00.000000000
Time654,Day,10:29:00.000000000
Time655,Night,20:48:00.000000000
Time656,Night,03:35:00.000000000
Time657,Day,12:08:00.000000000
Time658,Night,18:36:00.000000000
Time659,Day,09:38:00.000000000
Time660,Day,12:52:00.000000000
Time661,Day,13:29:00.000000000
Time662,Day,10:07:00.000000000
Time663,Night,02:35:00.000000000
Time664,Day,17:57:00.000000000
Time665,Day,14:14:00.000000000
Time666,Day,08:41:00.000000000
Time667,Day,12:09:00.000000000
Time668,Night,05:21:00.000000000
Time669,Day,16:59:00.000000000
Time670,Day,12:34:00.000000000
Time671,Night,23:11:00.000000000
Time672,Night,19:03:00.000000000
Time673,Day,14:52:00.000000000
Time674,Day,07:25:00.000000000
Time675,Day,15:38:00.000000000
Time676,Night,02:01:00.000000000
Time677,Day,16:47:00.000000000
Time678,Day,09:43:00.000000000
Time679,Night,16:53:00.000000000
Time680,Night,22:47:00.000000000
Time681,Night,02:40:00.000000000
Time682,Night,16:16:00.000000000
Time683,Day,13:45:00.000000000
Time684,Night,22:29:00.000000000
Time685,Night,12:40:00.000000000
Time686,Night,19:59:00.000000000
Time687,Day,14:47:00.000000000
Time688,Night,22:00:00.000000000
Time689,Night,05:28:00.000000000
Time690,Day,07:04:00.000000000
Time691,Day,10:03:00.000000000
Time692,Night,00:55:00.000000000
Time693,Night,20:39:00.000000000
Time694,Day,10:10:00.000000000
Time695,Day,11:28:00.000000000
Time696,Night,05:40:00.000000000
Time697,Day,10:12:00.000000000
Time698,Day,14:49:00.000000000
Time699,Night,21:19:00.000000000
Time700,Night,07:08:00.000000000
Time701,Day,10:09:00.000000000
Time702,Day,11:54:00.000000000
Time703,Day,10:01:00.000000000
Time704,Day,08:25:00.000000000
Time705,Day,07:09:00.000000000
Time706,Day,08:31:00.000000000
Time707,Night,22:04:00.000000000
Time708,Night,19:16:00.000000000
Time709,Day,08:23:00.000000000
Time710,Day,10:52:00.000000000
Time711,Day,12:06:00.000000000
Time712,Night,03:02:00.000000000
Time713,Night,19:27:00.000000000
Time714,Night,21:51:00.000000000
Time715,Night,23:21:00.000000000
Time716,Night,04:17:00.000000000
Time717,Night,12:53:00.000000000
Time718,Night,18:01:00.000000000
Time719,Day,14:46:00.000000000
Time720,Day,14:34:00.000000000
Time721,Day,07:17:00.000000000
Time722,Night,21:35:00.000000000
Time723,Night,02:33:00.000000000
Time724,Night,03:40:00.000000000
Time725,Day,14:55:00.000000000
Time726,Night,10:29:00.000000000
Time727,Night,05:55:00.000000000
Time728,Night,11:15:00.000000000
Time729,Night,23:08:00.000000000
Time730,Night,02:22:00.000000000
Time731,Night,18:46:00.000000000
Time732,Day,08:16:00.000000000
Time733,Night,12:03:00.000000000
Time734,Day,10:26:00.000000000
Time735,Day,14:26:00.000000000
Time736,Night,23:45:00.000000000
Time737,Day,10:06:00.000000000
Time738,Night,03:01:00.000000000
Time739,Day,10:05:00.000000000
Time740,Night,20:12:00.000000000
Time741,Night,21:59:00.000000000
Time742,Day,08:42:00.000000000
Time743,Day,10:28:00.000000000
Time744,Night,02:03:00.000000000
Time745,Day,12:24:00.000000000
Time746,Day,13:33:00.000000000
Time747,Day,12:36:00.000000000
Time748,Day,15:54:00.000000000
Time749,Night,01:09:00.000000000
Time750,Day,08:27:00.000000000
Time751,Night,19:02:00.000000000
Time752,Night,23:20:00.000000000
Time753,Day,14:16:00.000000000
Time754,Night,21:56:00.000000000
Time755,Day,08:43:00.000000000
Time756,Night,01:45:00.000000000
Time757,Night,11:52:00.000000000
Time758,Day,10:59:00.000000000
Time759,Day,13:39:00.000000000
Time760,Night,01:07:00.000000000
Time761,Night,03:07:00.000000000
Time762,Day,07:21:00.000000000
Time763,Day,13:19:00.000000000
Time764,Night,16:15:00.000000000
Time765,Night,12:55:00.000000000
Time766,Day,12:38:00.000000000
Time767,Night,04:31:00.000000000
Time768,Night,01:32:00.000000000
Time769,Day,15:08:00.000000000
Time770,Night,20:49:00.000000000
Time771,Night,07:15:00.000000000
Time772,Night,05:15:00.000000000
Time773,Night,01:36:00.000000000
Time774,Day,06:02:00.000000000
Time775,Night,04:27:00.000000000
Time776,Day,14:11:00.000000000
Time777,Day,22:10:00.000000000
Time778,Night,02:15:00.000000000
Time779,Day,13:38:00.000000000
Time780,Night,01:12:00.000000000
Time781,Night,23:52:00.000000000
Time782,Day,17:41:00.000000000
Time783,Night,20:02:00.000000000
Time784,Night,21:14:00.000000000
Time785,Day,14:40:00.000000000
Time786,Night,21:07:00.000000000
Time787,Night,19:32:00.000000000
Time788,Day,11:23:00.000000000
Time789,Day,09:24:00.000000000
Time790,Night,23:28:00.000000000
Time791,Day,08:48:00.000000000
Time792,Day,17:00:00.000000000
Time793,Night,21:20:00.000000000
Time794,Night,13:56:00.000000000
Time795,Night,18:26:00.000000000
Time796,Night,00:31:00.000000000
Time797,Day,12:10:00.000000000
Time798,Night,03:57:00.000000000
Time799,Night,05:04:00.000000000
Time800,Day,09:02:00.000000000
Time801,Night,21:37:00.000000000
Time802,Day,07:42:00.000000000
Time803,Night,23:49:00.000000000
Time804,Day,09:50:00.000000000
Time805,Day,13:09:00.000000000
Time806,Night,07:14:00.000000000
Time807,Night,22:20:00.000000000
Time808,Night,18:19:00.000000000
Time809,Day,10:36:00.000000000
Time810,Day,06:35:00.000000000
Time811,Night,04:10:00.000000000
Time812,Night,22:15:00.000000000
Time813,Night,21:47:00.000000000
Time814,Day,14:06:00.000000000
Time815,Day,14:38:00.000000000
Time816,Night,22:27:00.000000000
Time817,Night,04:04:00.000000000
Time818,Day,13:22:00.000000000
Time819,Night,05:49:00.000000000
Time820,Night,23:38:00.000000000
Time821,Night,15:23:00.000000000
Time822,Day,14:23:00.000000000
Time823,Day,06:50:00.000000000
Time824,Day,07:26:00.000000000
Time825,Day,10:37:00.000000000
Time826,Day,06:49:00.000000000
Time827,Night,05:17:00.000000000
Time828,Night,02:53:00.000000000
Time829,Night,06:10:00.000000000
Time830,Night,12:10:00.000000000
Time831,Day,15:46:00.000000000
Time832,Day,12:21:00.000000000
Time833,Night,00:01:00.000000000
Time834,Night,04:15:00.000000000
Time835,Day,12:17:00.000000000
Time836,Night,05:51:00.000000000
Time837,Day,08:20:00.000000000
Time838,Night,23:30:00.000000000
Time839,Day,06:57:00.000000000
Time840,Day,08:58:00.000000000
Time841,Night,23:15:00.000000000
Time842,Night,01:29:00.000000000
Time843,Night,02:26:00.000000000
Time844,Day,13:08:00.000000000
Time845,Night,18:15:00.000000000
Time846,Day,17:35:00.000000000
Time847,Day,15:37:00.000000000
Time848,Day,14:44:00.000000000
Time849,Night,18:52:00.000000000
Time850,Day,12:11:00.000000000
Time851,Night,01:44:00.000000000
Time852,Night,05:25:00.000000000
Time853,Day,13:43:00.000000000
Time854,Day,16:00:00.000000000
Time855,Night,02:47:00.000000000
Time856,Night,01:55:00.000000000
Time857,Day,11:13:00.000000000
Time858,Day,11:59:00.000000000
Time859,Day,12:44:00.000000000
Time860,Night,18:02:00.000000000
Time861,Day,11:11:00.000000000
Time862,Day,15:12:00.000000000
Time863,Night,08:00:00.000000000
Time864,Night,15:05:00.000000000
Time865,Night,18:49:00.000000000
Time866,Day,10:27:00.000000000
Time867,Night,05:58:00.000000000
Time868,Night,14:18:00.000000000
Time869,Night,22:43:00.000000000
Time870,Day,10:32:00.000000000
Time871,Night,01:13:00.000000000
Time872,Night,23:14:00.000000000
Time873,Night,18:53:00.000000000
Time874,Day,15:39:00.000000000
Time875,Night,20:01:00.000000000
Time876,Day,13:44:00.000000000
Time877,Night,01:38:00.000000000
Time878,Night,18:48:00.000000000
Time879,Night,18:11:00.000000000
Time880,Day,17:13:00.000000000
Time881,Day,16:17:00.000000000
Time882,Day,06:46:00.000000000
Time883,Day,17:10:00.000000000
Time884,Night,04:55:00.000000000
Time885,Night,04:01:00.000000000
Time886,Day,15:47:00.000000000
Time887,Day,10:43:00.000000000
Time888,Night,21:02:00.000000000
Time889,Day,16:56:00.000000000
Time890,Day,17:07:00.000000000
Time891,Day,12:13:00.000000000
Time892,Night,18:21:00.000000000
Time893,Night,03:59:00.000000000
Time894,Day,10:30:00.000000000
Time895,Night,05:30:00.000000000
Time896,Day,12:41:00.000000000
Time897,Night,21:39:00.000000000
Time898,Day,07:08:00.000000000
Time899,Night,03:30:00.000000000
Time900,Day,07:11:00.000000000
Time901,Day,08:17:00.000000000
Time902,Night,23:46:00.000000000
Time903,Night,04:45:00.000000000
Time904,Day,09:01:00.000000000
Time905,Night,04:46:00.000000000
Time906,Day,16:54:00.000000000
Time907,Day,07:38:00.000000000
Time908,Day,14:01:00.000000000
Time909,Night,04:08:00.000000000
Time910,Night,23:16:00.000000000
Time911,Day,06:08:00.000000000
Time912,Night,02:46:00.000000000
Time913,Day,06:52:00.000000000
Time914,Night,23:22:00.000000000
Time915,Night,04:34:00.000000000
Time916,Day,13:24:00.000000000
Time917,Night,01:56:00.000000000
Time918,Night,22:01:00.000000000
Time919,Night,04:36:00.000000000
Time920,Night,02:16:00.000000000
Time921,Night,03:06:00.000000000
Time922,Day,09:30:00.000000000
Time923,Night,19:12:00.000000000
Time924,Day,06:56:00.000000000
Time925,Night,01:31:00.000000000
Time926,Night,20:16:00.000000000
Time927,Day,16:51:00.000000000
Time928,Night,11:10:00.000000000
Time929,Day,15:24:00.000000000
Time930,Night,23:54:00.000000000
Time931,Night,22:22:00.000000000
Time932,Day,07:41:00.000000000
Time933,Night,05:47:00.000000000
Time934,Night,00:26:00.000000000
Time935,Day,17:59:00.000000000
Time936,Night,01:16:00.000000000
Time937,Day,08:32:00.000000000
Time938,Night,16:41:00.000000000
Time939,Day,11:21:00.000000000
Time940,Night,08:20:00.000000000
Time941,Night,20:57:00.000000000
Time942,Day,16:02:00.000000000
Time943,Night,12:00:00.000000000
Time944,Day,11:34:00.000000000
Time945,Night,18:23:00.000000000
Time946,Night,05:29:00.000000000
Time947,Night,20:15:00.000000000
Time948,Night,22:40:00.000000000
Time949,Night,03:34:00.000000000
Time950,Day,15:13:00.000000000
Time951,Day,09:26:00.000000000
Time952,Night,17:24:00.000000000
Time953,Night,21:22:00.000000000
Time954,Day,16:55:00.000000000
Time955,Night,20:09:00.000000000
Time956,Day,13:53:00.000000000
Time957,Day,11:58:00.000000000
Time958,Day,09:55:00.000000000
Time959,Day,11:22:00.000000000
Time960,Day,06:30:00.000000000
Time961,Night,05:19:00.000000000
Time962,Night,06:30:00.000000000
Time963,Day,09:58:00.000000000
Time964,Day,17:32:00.000000000
Time965,Day,14:19:00.000000000
Time966,Night,02:45:00.000000000
Time967,Night,06:35:00.000000000
Time968,Day,12:39:00.000000000
Time969,Day,09:20:00.000000000
Time970,Night,03:45:00.000000000
Time971,Day,14:24:00.000000000
Time972,Night,04:43:00.000000000
Time973,Night,02:10:00.000000000
Time974,Day,09:12:00.000000000
Time975,Night,03:17:00.000000000
Time976,Night,20:40:00.000000000
Time977,Night,18:42:00.000000000
Time978,Day,11:57:00.000000000
Time979,Night,19:20:00.000000000
Time980,Day,09:04:00.000000000
Time981,Day,06:44:00.000000000
Time982,Night,18:18:00.000000000
Time983,Night,05:22:00.000000000
Time984,Night,19:05:00.000000000
Time985,Day,17:18:00.000000000
Time986,Day,06:21:00.000000000
Time987,Day,14:18:00.000000000
Time988,Night,23:00:00.000000000
Time989,Day,13:04:00.000000000
Time990,Day,12:58:00.000000000
Time991,Night,22:10:00.000000000
Time992,Day,13:12:00.000000000
Time993,Night,04:19:00.000000000
Time994,Day,10:17:00.000000000
Time995,Night,02:38:00.000000000
Time996,Day,16:24:00.000000000
Time997,Day,09:31:00.000000000
Time998,Day,06:23:00.000000000
Time999,Night,01:22:00.000000000
Time1000,Day,15:51:00.000000000
Time1001,Night,05:45:00.000000000
Time1002,Day,16:35:00.000000000
Time1003,Day,16:41:00.000000000
Time1004,Day,12:15:00.000000000
Time1005,Night,23:34:00.000000000
Time1006,Night,19:26:00.000000000
Time1007,Day,09:44:00.000000000
Time1008,Night,13:53:00.000000000
Time1009,Day,14:43:00.000000000
Time1010,Night,04:35:00.000000000
Time1011,Day,12:03:00.000000000
Time1012,Night,19:19:00.000000000
Time1013,Day,09:17:00.000000000
Time1014,Night,05:53:00.000000000
Time1015,Night,03:24:00.000000000
Time1016,Day,10:20:00.000000000
Time1017,Day,08:09:00.000000000
Time1018,Day,14:07:00.000000000
Time1019,Day,10:56:00.000000000
Time1020,Night,21:15:00.000000000
Time1021,Night,21:41:00.000000000
Time1022,Night,04:07:00.000000000
Time1023,Night,21:04:00.000000000
Time1024,Day,09:10:00.000000000
Time1025,Night,04:44:00.000000000
Time1026,Night,02:58:00.000000000
Time1027,Night,04:16:00.000000000
Time1028,Day,12:07:00.000000000
Time1029,Day,14:28:00.000000000
Time1030,Day,12:22:00.000000000
Time1031,Night,19:58:00.000000000
Time1032,Day,15:26:00.000000000
Time1033,Day,12:27:00.000000000
Time1034,Day,14:20:00.000000000
Time1035,Day,17:33:00.000000000
Time1036,Day,16:30:00.000000000
Time1037,Night,00:03:00.000000000
Time1038,Night,00:13:00.000000000
Time1039,Day,15:43:00.000000000
Time1040,Night,00:30:00.000000000
Time1041,Night,20:00:00.000000000
Time1042,Night,19:31:00.000000000
Time1043,Night,18:13:00.000000000
Time1044,Night,19:40:00.000000000
Time1045,Day,08:19:00.000000000
Time1046,Night,21:17:00.000000000
Time1047,Night,19:00:00.000000000
Time1048,Day,10:08:00.000000000
Time1049,Night,06:20:00.000000000
Time1050,Night,01:46:00.000000000
Time1051,Night,02:20:00.000000000
Time1052,Day,07:24:00.000000000
Time1053,Night,18:03:00.000000000
Time1054,Night,16:17:00.000000000
Time1055,Night,02:54:00.000000000
Time1056,Day,06:14:00.000000000
Time1057,Day,08:50:00.000000000
Time1058,Night,23:47:00.000000000
Time1059,Night,19:28:00.000000000
Time1060,Night,05:41:00.000000000
Time1061,Day,08:29:00.000000000
Time1062,Day,14:05:00.000000000
Time1063,Day,15:48:00.000000000
Time1064,Night,04:32:00.000000000
Time1065,Night,21:44:00.000000000
Time1066,Night,03:44:00.000000000
Time1067,Day,16:49:00.000000000
Time1068,Day,17:55:00.000000000
Time1069,Night,23:31:00.000000000
Time1070,Night,01:41:00.000000000
Time1071,Night,01:52:00.000000000
Time1072,Day,10:19:00.000000000
Time1073,Day,12:23:00.000000000
Time1074,Night,21:36:00.000000000
Time1075,Night,16:50:00.000000000
Time1076,Day,13:07:00.000000000
Time1077,Day,11:44:00.000000000
Time1078,Night,01:08:00.000000000
Time1079,Night,03:21:00.000000000
Time1080,Night,20:06:00.000000000
Time1081,Day,14:59:00.000000000
Time1082,Night,23:05:00.000000000
Time1083,Day,09:11:00.000000000
Time1084,Night,22:30:00.000000000
Time1085,Day,12:25:00.000000000
Time1086,Night,01:26:00.000000000
Time1087,Night,02:19:00.000000000
Time1088,Night,23:39:00.000000000
Time1089,Night,18:17:00.000000000
Time1090,Day,17:37:00.000000000
Time1091,Night,23:12:00.000000000
Time1092,Night,20:10:00.000000000
Time1093,Day,14:51:00.000000000
Time1094,Night,05:00:00.000000000
Time1095,Day,06:19:00.000000000
Time1096,Day,08:46:00.000000000
Time1097,Day,08:36:00.000000000
Time1098,Day,13:28:00.000000000
Time1099,Night,09:30:00.000000000
Time1100,Day,12:33:00.000000000
Time1101,Day,11:00:00.000000000
Time1102,Day,12:00:00.000000000
Time1103,Night,21:50:00.000000000
Time1104,Day,17:56:00.000000000
Time1105,Night,07:23:00.000000000
Time1106,Night,04:29:00.000000000
Time1107,Night,22:35:00.000000000
Time1108,Night,02:06:00.000000000
Time1109,Night,22:26:00.000000000
Time1110,Night,00:10:00.000000000
Time1111,Day,06:38:00.000000000
Time1112,Day,06:05:00.000000000
Time1113,Night,00:51:00.000000000
Time1114,Day,16:20:00.000000000
Time1115,Night,20:08:00.000000000
Time1116,Day,10:45:00.000000000
Time1117,Day,15:02:00.000000000
Time1118,Day,09:35:00.000000000
Time1119,Night,22:49:00.000000000
Time1120,Night,05:26:00.000000000
Time1121,Night,23:09:00.000000000
Time1122,Day,17:16:00.000000000
Time1123,Day,06:34:00.000000000
Time1124,Night,01:25:00.000000000
Time1125,Night,18:08:00.000000000
Time1126,Night,19:18:00.000000000
Time1127,Night,22:55:00.000000000
Time1128,Night,19:56:00.000000000
Time1129,Night,15:34:00.000000000
Time1130,Day,14:13:00.000000000
Time1131,Day,09:27:00.000000000
Time1132,Night,18:16:00.000000000
Time1133,Night,22:05:00.000000000
Time1134,Day,14:02:00.000000000
Time1135,Night,21:12:00.000000000
Time1136,Night,01:42:00.000000000
Time1137,Night,16:30:00.000000000
Time1138,Night,00:12:00.000000000
Time1139,Night,20:35:00.000000000
Time1140,Night,18:57:00.000000000
Time1141,Night,04:47:00.000000000
Time1142,Night,15:10:00.000000000
Time1143,Night,17:30:00.000000000
Time1144,Day,11:12:00.000000000
Time1145,Day,16:19:00.000000000
Time1146,Night,00:05:00.000000000
Time1147,Night,19:57:00.000000000
Time1148,Night,00:44:00.000000000
Time1149,Night,23:55:00.000000000
Time1150,Night,23:33:00.000000000
Time1151,Night,03:15:00.000000000
Time1152,Day,09:40:00.000000000
Time1153,Night,15:55:00.000000000
Time1154,Night,01:01:00.000000000
Time1155,Night,22:32:00.000000000
Time1156,Day,12:26:00.000000000
Time1157,Day,13:30:00.000000000
Time1158,Night,03:12:00.000000000
Time1159,Night,19:01:00.000000000
Time1160,Day,11:55:00.000000000
Time1161,Night,22:53:00.000000000
Time1162,Day,06:27:00.000000000
Time1163,Day,10:23:00.000000000
Time1164,Day,16:15:00.000000000
Time1165,Night,22:37:00.000000000
Time1166,Night,18:51:00.000000000
Time1167,Night,05:38:00.000000000
Time1168,Night,23:13:00.000000000
Time1169,Night,05:48:00.000000000
Time1170,Night,21:05:00.000000000
Time1171,Night,04:50:00.000000000
Time1172,Day,15:11:00.000000000
Time1173,Night,18:50:00.000000000
Time1174,Day,08:18:00.000000000
Time1175,Day,13:13:00.000000000
Time1176,Day,10:54:00.000000000
Time1177,Night,05:54:00.000000000
Time1178,Day,17:04:00.000000000
Time1179,Day,17:08:00.000000000
Time1180,Day,13:41:00.000000000
Time1181,Day,16:04:00.000000000
Time1182,Night,02:39:00.000000000
Time1183,Day,06:48:00.000000000
Time1184,Night,02:42:00.000000000
Time1185,Night,19:48:00.000000000
Time1186,Day,06:32:00.000000000
Time1187,Night,03:26:00.000000000
Time1188,Day,15:27:00.000000000
Time1189,Day,09:56:00.000000000
Time1190,Night,21:58:00.000000000
Time1191,Night,16:06:00.000000000
Time1192,Day,13:01:00.000000000
Time1193,Night,20:04:00.000000000
Time1194,Day,15:10:00.000000000
Time1195,Day,08:30:00.000000000
Time1196,Night,02:31:00.000000000
Time1197,Night,20:36:00.000000000
Time1198,Night,05:10:00.000000000
Time1199,Night,15:50:00.000000000
Time1200,Day,07:37:00.000000000
Time1201,Night,04:48:00.000000000
Time1202,Day,09:28:00.000000000
Time1203,Night,05:11:00.000000000
Time1204,Day,07:30:00.000000000
Time1205,Day,17:39:00.000000000
Time1206,Day,09:42:00.000000000
Time1207,Night,21:33:00.000000000
Time1208,Night,02:41:00.000000000
Time1209,Night,20:30:00.000000000
Time1210,Day,12:02:00.000000000
Time1211,Day,11:47:00.000000000
Time1212,Day,09:37:00.000000000
Time1213,Day,16:12:00.000000000
Time1214,Night,02:27:00.000000000
Time1215,Day,14:22:00.000000000
Time1216,Night,00:22:00.000000000
Time1217,Day,07:07:00.000000000
Time1218,Night,00:58:00.000000000
Time1219,Night,22:54:00.000000000
Time1220,Day,12:32:00.000000000
Time1221,Night,23:03:00.000000000
Time1222,Day,06:15:00.000000000
Time1223,Night,04:40:00.000000000
Time1224,Night,03:09:00.000000000
Time1225,Night,05:33:00.000000000
Time1226,Day,14:39:00.000000000
Time1227,Night,21:18:00.000000000
Time1228,Night,09:12:00.000000000
Time1229,Night,18:22:00.000000000
Time1230,Day,15:49:00.000000000
Time1231,Day,15:58:00.000000000
Time1232,Night,04:54:00.000000000
Time1233,Day,07:29:00.000000000
Time1234,Day,09:16:00.000000000
Time1235,Day,16:28:00.000000000
Time1236,Night,20:18:00.000000000
Time1237,Day,16:21:00.000000000
Time1238,Night,18:45:00.000000000
Time1239,Night,00:20:00.000000000
Time1240,Day,09:57:00.000000000
Time1241,Night,01:19:00.000000000
Time1242,Night,23:29:00.000000000
Time1243,Night,05:44:00.000000000
Time1244,Day,12:04:00.000000000
Time1245,Day,09:14:00.000000000
Time1246,Day,14:32:00.000000000
Time1247,Night,21:29:00.000000000
Time1248,Day,12:31:00.000000000
Time1249,Night,00:16:00.000000000
Time1250,Night,01:34:00.000000000
Time1251,Day,07:46:00.000000000
Time1252,Night,00:06:00.000000000
Time1253,Day,08:15:00.000000000
Time1254,Day,10:25:00.000000000
Time1255,Night,19:53:00.000000000
Time1256,Day,07:35:00.000000000
Time1257,Night,20:11:00.000000000
Time1258,Day,16:26:00.000000000
Time1259,Night,18:38:00.000000000
Time1260,Day,14:48:00.000000000
Time1261,Unknown,13:09:00.000000000
Time1262,Day,13:34:00.000000000
Time1263,Night,19:50:00.000000000
Time1264,Day,07:58:00.000000000
Time1265,Night,00:00:00.000000000
Time1266,Day,17:46:00.000000000
Time1267,Night,20:03:00.000000000
Time1268,Night,05:13:00.000000000
Time1269,Night,15:00:00.000000000
Time1270,Day,16:37:00.000000000
Time1271,Night,21:27:00.000000000
Time1272,Night,10:20:00.000000000
Time1273,Night,20:17:00.000000000
Time1274,Night,13:30:00.000000000
Time1275,Day,07:10:00.000000000
Time1276,Day,12:05:00.000000000
Time1277,Day,09:21:00.000000000
Time1278,Day,16:13:00.000000000
Time1279,Night,20:07:00.000000000
Time1280,Day,06:53:00.000000000
Time1281,Night,01:30:00.000000000
Time1282,Night,03:19:00.000000000
Time1283,Night,03:08:00.000000000
Time1284,Day,16:01:00.000000000
Time1285,Night,23:04:00.000000000
Time1286,Night,04:58:00.000000000
Time1287,Day,10:50:00.000000000
Time1288,Day,06:20:00.000000000
Time1289,Night,16:20:00.000000000
Time1290,Day,08:51:00.000000000
Time1291,Day,11:56:00.000000000
Time1292,Night,16:22:00.000000000
Time1293,Day,07:49:00.000000000
Time1294,Day,15:25:00.000000000
Time1295,Night,03:28:00.000000000
Time1296,Day,17:23:00.000000000
Time1297,Day,07:22:00.000000000
Time1298,Night,12:18:00.000000000
Time1299,Day,06:07:00.000000000
Time1300,Day,10:21:00.000000000
Time1301,Night,20:21:00.000000000
Time1302,Night,21:16:00.000000000
Time1303,Day,06:26:00.000000000
Time1304,Night,02:48:00.000000000
Time1305,Night,02:23:00.000000000
Time1306,Day,17:43:00.000000000
Time1307,Night,06:02:00.000000000
Time1308,Night,19:30:00.000000000
Time1309,Day,11:07:00.000000000
Time1310,Night,23:10:00.000000000
Time1311,Night,03:13:00.000000000
Time1312,Day,11:17:00.000000000
Time1313,Night,22:12:00.000000000
Time1314,Day,08:55:00.000000000
Time1315,Night,19:24:00.000000000
Time1316,Night,00:29:00.000000000
Time1317,Night,00:36:00.000000000
Time1318,Day,14:29:00.000000000
Time1319,Day,16:22:00.000000000
Time1320,Day,13:50:00.000000000
Time1321,Day,08:11:00.000000000
Time1322,Night,01:00:00.000000000
Time1323,Day,10:14:00.000000000
Time1324,Day,16:50:00.000000000
Time1325,Night,18:41:00.000000000
Time1326,Night,07:57:00.000000000
Time1327,Day,08:01:00.000000000
Time1328,Night,22:56:00.000000000
Time1329,Night,00:02:00.000000000
Time1330,Day,07:45:00.000000000
Time1331,Night,00:38:00.000000000
Time1332,Night,00:39:00.000000000
Time1333,Night,02:00:00.000000000
Time1334,Day,11:50:00.000000000
Time1335,Night,00:24:00.000000000
Time1336,Day,12:45:00.000000000
Time1337,Day,07:53:00.000000000
Time1338,Night,04:49:00.000000000
Time1339,Night,00:14:00.000000000
Time1340,Night,05:36:00.000000000
Time1341,Night,02:30:00.000000000
Time1342,Night,18:30:00.000000000
Time1343,Night,18:24:00.000000000
Time1344,Night,04:22:00.000000000
Time1345,Night,01:59:00.000000000
Time1346,Night,21:49:00.000000000
Time1347,Day,06:58:00.000000000
Time1348,Night,00:46:00.000000000
Time1349,Night,01:50:00.000000000
Time1350,Day,16:34:00.000000000
Time1351,Day,08:07:00.000000000
Time1352,Night,00:59:00.000000000
Time1353,Day,07:59:00.000000000
Time1354,Night,00:52:00.000000000
Time1355,Night,03:23:00.000000000
Time1356,Night,00:17:00.000000000
Time1357,Day,14:17:00.000000000
Time1358,Night,10:45:00.000000000
Time1359,Night,00:43:00.000000000
Time1360,Night,18:32:00.000000000
Time1361,Day,15:09:00.000000000
Time1362,Day,15:05:00.000000000
Time1363,Night,21:09:00.000000000
Time1364,Night,01:11:00.000000000
Time1365,Day,13:42:00.000000000
Time1366,Night,23:27:00.000000000
Time1367,Night,18:35:00.000000000
Time1368,Day,13:02:00.000000000
Time1369,Night,20:32:00.000000000
Time1370,Night,04:38:00.000000000
Time1371,Day,06:13:00.000000000
Time1372,Night,04:24:00.000000000
Time1373,Day,08:37:00.000000000
Time1374,Day,16:40:00.000000000
Time1375,Day,10:53:00.000000000
Time1376,Day,12:50:00.000000000
Time1377,Day,15:21:00.000000000
Time1378,Day,11:06:00.000000000
Time1379,Day,07:56:00.000000000
Time1380,Night,12:50:00.000000000
Time1381,Day,14:54:00.000000000
Time1382,Day,11:46:00.000000000
Time1383,Night,21:54:00.000000000
Time1384,Day,06:04:00.000000000
Time1385,Night,05:08:00.000000000
Time1386,Night,19:33:00.000000000
Time1387,Day,09:29:00.000000000
Time1388,Day,17:11:00.000000000
Time1389,Night,04:30:00.000000000
Time1390,Day,17:44:00.000000000
Time1391,Night,20:25:00.000000000
Time1392,Day,06:45:00.000000000
Time1393,Day,11:31:00.000000000
Time1394,Day,15:41:00.000000000
Time1395,Day,11:52:00.000000000
Time1396,Day,10:49:00.000000000
Time1397,Night,02:55:00.000000000
Time1398,Day,08:24:00.000000000
Time1399,Night,22:45:00.000000000
Time1400,Night,00:37:00.000000000
Time1401,Night,00:27:00.000000000
Time1402,Day,15:29:00.000000000
Time1403,Day,17:30:00.000000000
Time1404,Day,14:03:00.000000000
Time1405,Night,23:48:00.000000000
Time1406,Day,09:00:00.000000000
Time1407,Night,23:23:00.000000000
Time1408,Night,08:10:00.000000000
Time1409,Night,20:50:00.000000000
Time1410,Night,19:43:00.000000000
Time1411,Day,14:09:00.000000000
Time1412,Day,09:33:00.000000000
Time1413,Day,13:58:00.000000000
Time1414,Night,12:15:00.000000000
Time1415,Day,13:00:00.000000000
Time1416,Day,17:12:00.000000000
Time1417,Day,14:41:00.000000000
Time1418,Night,19:07:00.000000000
Time1419,Day,12:54:00.000000000
Time1420,Day,12:42:00.000000000
Time1421,Night,18:29:00.000000000
Time1422,Day,13:11:00.000000000
Time1423,Night,03:20:00.000000000
Time1424,Night,03:47:00.000000000
Time1425,Night,05:50:00.000000000
Time1426,Day,07:14:00.000000000
Time1427,Night,21:43:00.000000000
Time1428,Day,13:26:00.000000000
Time1429,Night,10:37:00.000000000
Time1430,Day,06:18:00.000000000
Time1431,Day,15:45:00.000000000
Time1432,Night,18:40:00.000000000
Time1433,Day,13:49:00.000000000
Time1434,Night,00:33:00.000000000
Time1435,Day,14:25:00.000000000
Time1436,Night,22:24:00.000000000
Time1437,Night,19:29:00.000000000
Time1438,Night,04:41:00.000000000
Time1439,Night,22:28:00.000000000
Time1440,Night,01:28:00.000000000
Time1441,Night,03:37:00.000000000
Time1442,Night,18:09:00.000000000
Time1443,Day,17:19:00.000000000
Time1444,Day,08:05:00.000000000
Time1445,Day,17:27:00.000000000
Time1446,Night,20:47:00.000000000
Time1447,Day,15:22:00.000000000
Time1448,Night,04:39:00.000000000
Time1449,Day,06:16:00.000000000
Time1450,Night,20:26:00.000000000
Time1451,Night,21:00:00.000000000
Time1452,Day,08:08:00.000000000
Time1453,Night,11:25:00.000000000
Time1454,Day,09:52:00.000000000
Time1455,Day,13:48:00.000000000
Time1456,Night,03:10:00.000000000
Time1457,Night,03:48:00.000000000
Time1458,Night,00:28:00.000000000
Time1459,Night,20:58:00.000000000
Time1460,Day,11:42:00.000000000
Time1461,Day,06:36:00.000000000
Time1462,Night,21:24:00.000000000
Time1463,Day,11:15:00.000000000
Time1464,Night,02:43:00.000000000
Time1465,Night,22:13:00.000000000
Time1466,Night,21:08:00.000000000
Time1467,Night,05:06:00.000000000
Time1468,Day,09:48:00.000000000
Time1469,Day,08:13:00.000000000
Time1470,Night,22:25:00.000000000
Time1471,Day,11:37:00.000000000
Time1472,Day,09:51:00.000000000
Time1473,Day,12:46:00.000000000
Time1474,Day,13:03:00.000000000
Time1475,Night,03:53:00.000000000
Time1476,Night,18:33:00.000000000
Time1477,Day,10:44:00.000000000
Time1478,Day,07:36:00.000000000
Time1479,Night,08:24:00.000000000
Time1480,Night,01:27:00.000000000
Time1481,Day,11:33:00.000000000
Time1482,Night,23:02:00.000000000
Time1483,Night,18:28:00.000000000
Time1484,Night,01:23:00.000000000
Time1485,Day,12:12:00.000000000
Time1486,Night,23:19:00.000000000
Time1487,Night,20:52:00.000000000
Time1488,Day,17:54:00.000000000
Time1489,Night,05:03:00.000000000
Time1490,Day,07:51:00.000000000
Time1491,Day,06:41:00.000000000
Time1492,Night,04:25:00.000000000
Time1493,Night,04:20:00.000000000
Time1494,Night,19:54:00.000000000
Time1495,Night,20:51:00.000000000
Time1496,Night,18:43:00.000000000
Time1497,Night,18:31:00.000000000
Time1498,Day,09:05:00.000000000
Time1499,Night,21:45:00.000000000
Time1500,Day,15:07:00.000000000
Time1501,Night,00:57:00.000000000
Time1502,Day,09:06:00.000000000
Time1503,Day,11:32:00.000000000
Time1504,Day,06:09:00.000000000
Time1505,Day,15:03:00.000000000
Time1506,Night,14:30:00.000000000
Time1507,Day,10:51:00.000000000
Time1508,Day,08:28:00.000000000
Time1509,Night,00:08:00.000000000
Time1510,Day,09:23:00.000000000
Time1511,Night,04:33:00.000000000
Time1512,Day,08:54:00.000000000
Time1513,Night,23:36:00.000000000
Time1514,Day,16:14:00.000000000
Time1515,Day,06:06:00.000000000
Time1516,Night,07:38:00.000000000
Time1517,Day,08:35:00.000000000
Time1518,Day,12:35:00.000000000
Time1519,Day,09:49:00.000000000
Time1520,Day,10:55:00.000000000
Time1521,Night,22:03:00.000000000
Time1522,Day,11:19:00.000000000
Time1523,Day,16:33:00.000000000
Time1524,Night,18:14:00.000000000
Time1525,Night,18:56:00.000000000
Time1526,Night,18:00:00.000000000
Time1527,Night,00:21:00.000000000
Time1528,Night,11:32:00.000000000
Time1529,Day,08:22:00.000000000
Time1530,Night,02:08:00.000000000
Time1531,Night,02:59:00.000000000
